<?xml version="1.0" encoding="UTF-8"?>
<informe>
    <partes>
        <id>8</id>
        <albaran>928371923</albaran>
        <trabajador>Asier</trabajador>
        <dni>72854130C</dni>
        <kilometros>
            <kmInicio>30.0</kmInicio>
            <kmFinales>0.0</kmFinales>
        </kilometros>
        <gastos>
            <gasoil>0.0</gasoil>
            <peaje>0.0</peaje>
            <dietas>0.0</dietas>
            <otros>0.0</otros>
        </gastos>
        <incidencia/>
        <validacion>No esta validado</validacion>
        <matricula>4055 ABB</matricula>
    </partes>
</informe>
